5_ethoxy_4_(1_methyl_7_oxo_3_propyl_6,7_dihydro_1H_pyrazolo[4,3_d]pyrimidin_5_yl)thiophene_2_sulfonamide
S_(Dimethylarsenic)Cysteine
N_cyclopropyl_6_[(6,7_dimethoxyquinolin_4_yl)oxy]naphthalene_1_carboxamide
Casopitant
TACRINE(8)_4_AMINOQUINOLINE
PQ_10
N_{2,4_difluoro_3_[(5_pyridin_3_yl_1H_pyrrolo[2,3_b]pyridin_3_yl)carbonyl]phenyl}ethanesulfonamide
3_(Prop_2_Ene_1_Sulfinyl)_Propene_1_Thiol
Cholesterol
(9S,10S)_9_(S_glutathionyl)_10_hydroxy_9,10_dihydrophenanthrene
Pozanicline
Dutogliptin
AT2220
5_Mercapto_2_Nitro_Benzoic Acid
4_{5_[(Z)_(2,4_DIOXO_1,3_THIAZOLIDIN_5_YLIDENE)METHYL]FURAN_2_YL}BENZENESULFONAMIDE
5_(5_CHLORO_2,4_DIHYDROXYPHENYL)_N_ETHYL_4_(4_METHOXYPHENYL)_1H_PYRAZOLE_3_CARBOXAMIDE
1_Guanidinium_7_Aminoheptane
RH_1
Isocitric Acid
1_(4_thiophen_2_ylphenyl)methanamine
Camrelizumab
Axicabtagene ciloleucel
5_METHYL_3_(9_OXO_1,8_DIAZA_TRICYCLO[10.6.1.013,18]NONADECA_12(19),13,15,17_TETRAEN_10_YLCARBAMOYL)_HEXANOIC ACID
Omacetaxine mepesuccinate
N_Hydroxy_4_Phosphono_Butanamide
AMG_510
Cefacetrile
Medetomidine
Aminacrine
Iron sucrose
Cefmenoxime
Tocopherylquinone
Vaccinia virus strain new york city board of health live antigen
Mebutamate
1,10_Phenanthroline
Gamolenic acid
Nanatinostat
Hexaminolevulinate
Urochloa mutica pollen
Agrostis stolonifera pollen
gamma_Tocopherol
